[
  {
    "id": 1,
    "name": "Budi Santoso",
    "email": "budi.santoso@umkm.com",
    "businessName": "Toko Budi Elektronik",
    "businessType": "Retail Elektronik",
    "joinDate": "2024-01-15",
    "completedMaterials": [1, 2, 3],
    "inProgressMaterials": [4],
    "quizScores": [
      { "quizId": 1, "score": 80, "passed": true, "completedAt": "2024-02-10" },
      { "quizId": 2, "score": 90, "passed": true, "completedAt": "2024-03-05" },
      { "quizId": 3, "score": 75, "passed": true, "completedAt": "2024-04-12" }
    ],
    "totalLearningHours": 12.5,
    "lastActive": "2024-12-17"
  },
  {
    "id": 2,
    "name": "Siti Rahma",
    "email": "siti.rahma@umkm.com",
    "businessName": "Warung Siti Catering",
    "businessType": "Kuliner & Catering",
    "joinDate": "2024-02-20",
    "completedMaterials": [1, 2],
    "inProgressMaterials": [3],
    "quizScores": [
      { "quizId": 1, "score": 85, "passed": true, "completedAt": "2024-03-15" },
      { "quizId": 2, "score": 70, "passed": true, "completedAt": "2024-04-20" }
    ],
    "totalLearningHours": 8.0,
    "lastActive": "2024-12-16"
  },
  {
    "id": 3,
    "name": "Ahmad Hidayat",
    "email": "ahmad.hidayat@umkm.com",
    "businessName": "Ahmad Fashion Store",
    "businessType": "Fashion & Apparel",
    "joinDate": "2024-03-10",
    "completedMaterials": [1],
    "inProgressMaterials": [2],
    "quizScores": [
      { "quizId": 1, "score": 95, "passed": true, "completedAt": "2024-04-05" }
    ],
    "totalLearningHours": 5.5,
    "lastActive": "2024-12-18"
  }
]
